Features	Coefficient	Outcome	AUC	pvalue	Condition
Camptothecins:Platinums	-1.709589386	SBS1	0.768515061	0.0	class_sigs_X_all
Anthracyclines:Platinums	-1.004605146	SBS1	0.768515061	0.0	class_sigs_X_all
Anthracyclines:Podophyllotoxins	0.945319306	SBS1	0.768515061	0.0	class_sigs_X_all
Podophyllotoxins	-0.889595658	SBS1	0.768515061	0.0	class_sigs_X_all
Podophyllotoxins:Radiation	0.889534115	SBS1	0.768515061	0.0	class_sigs_X_all
OtherAlkylators:VincaAlkaloids	-0.872303236	SBS1	0.768515061	0.0	class_sigs_X_all
Antimetabolites:VincaAlkaloids	-0.834383561	SBS1	0.768515061	0.0	class_sigs_X_all
Platinums:Radiation	0.790357578	SBS1	0.768515061	0.0	class_sigs_X_all
Anthracyclines:Platinums	1.465894963	SBS2	0.773082011	0.0056	class_sigs_X_all
Antimetabolites:MustardGases	1.273126131	SBS2	0.773082011	0.0056	class_sigs_X_all
VincaAlkaloids	-0.886393457	SBS2	0.773082011	0.0056	class_sigs_X_all
Platinums:VincaAlkaloids	-0.86406741	SBS2	0.773082011	0.0056	class_sigs_X_all
Platinums	-1.855608438	SBS5	0.797124807	0.0214	class_sigs_X_all
Anthracyclines:Platinums	-1.235289456	SBS8	0.680803612	0.0028	class_sigs_X_all
Anthracyclines:Podophyllotoxins	-0.747236811	SBS8	0.680803612	0.0028	class_sigs_X_all
Hydrazines:Platinums	-0.734291392	SBS8	0.680803612	0.0028	class_sigs_X_all
Antimetabolites:Podophyllotoxins	1.477019393	SBS11	0.803192057	0.007	class_sigs_X_all
Hydrazines	1.090315607	SBS11	0.803192057	0.007	class_sigs_X_all
Anthracyclines	-1.079340305	SBS11	0.803192057	0.007	class_sigs_X_all
Podophyllotoxins:Radiation	0.948951437	SBS11	0.803192057	0.007	class_sigs_X_all
Antimetabolites	1.675393968	SBS12	0.896980462	0.0156	class_sigs_X_all
Antimetabolites:Podophyllotoxins	1.074941066	SBS12	0.896980462	0.0156	class_sigs_X_all
MustardGases:VincaAlkaloids	-0.97838792	SBS12	0.896980462	0.0156	class_sigs_X_all
Anthracyclines:Platinums	1.927039388	SBS13	0.809060847	0.0	class_sigs_X_all
Antimetabolites:MustardGases	1.146541528	SBS13	0.809060847	0.0	class_sigs_X_all
Platinums:VincaAlkaloids	-0.961160745	SBS13	0.809060847	0.0	class_sigs_X_all
Camptothecins:Platinums	1.856148298	SBS18	0.716100706	0.0	class_sigs_X_all
Platinums:VincaAlkaloids	-1.121780269	SBS18	0.716100706	0.0	class_sigs_X_all
Anthracyclines:Platinums	1.003984734	SBS18	0.716100706	0.0	class_sigs_X_all
Antimetabolites:MustardGases	-0.754490152	SBS18	0.716100706	0.0	class_sigs_X_all
Platinums	2.252719904	SBS31	0.891280454	0.0	class_sigs_X_all
Anthracyclines:Platinums	0.992168776	SBS31	0.891280454	0.0	class_sigs_X_all
Radiation	0.966217574	SBS31	0.891280454	0.0	class_sigs_X_all
VincaAlkaloids:Radiation	-0.711041482	SBS31	0.891280454	0.0	class_sigs_X_all
Platinums	2.671780182	SBS35	0.892580006	0.0	class_sigs_X_all
Platinums:Radiation	-1.327831107	SBS35	0.892580006	0.0	class_sigs_X_all
Anthracyclines:Radiation	1.196635072	SBS35	0.892580006	0.0	class_sigs_X_all
Platinums:VincaAlkaloids	0.784649017	SBS35	0.892580006	0.0	class_sigs_X_all
Radiation	0.76299869	SBS35	0.892580006	0.0	class_sigs_X_all
Camptothecins:MustardGases	1.866757174	SBS39	0.880619381	0.0	class_sigs_X_all
Platinums:VincaAlkaloids	-1.851269553	SBS39	0.880619381	0.0	class_sigs_X_all
OtherAlkylators	1.579074077	SBS39	0.880619381	0.0	class_sigs_X_all
MustardGases:Radiation	0.840685359	SBS39	0.880619381	0.0	class_sigs_X_all
Hydrazines:MustardGases	-0.703164282	SBS39	0.880619381	0.0	class_sigs_X_all
Camptothecins	-1.658573606	SBS43	0.698493903	0.015	class_sigs_X_all
Anthracyclines	-1.323844732	SBS43	0.698493903	0.015	class_sigs_X_all
Platinums:VincaAlkaloids	0.783647376	SBS43	0.698493903	0.015	class_sigs_X_all
Antimetabolites	-0.730137026	SBS43	0.698493903	0.015	class_sigs_X_all
Camptothecins:MustardGases	0.850523359	SBS288L2	0.821028725	0.0	class_sigs_X_all
Radiation	0.803996869	SBS288L2	0.821028725	0.0	class_sigs_X_all
Podophyllotoxins:VincaAlkaloids	0.731347925	SBS288L2	0.821028725	0.0	class_sigs_X_all
MustardGases	0.71317113	SBS288L2	0.821028725	0.0	class_sigs_X_all
Hydrazines	2.2742126	SBS288L3	0.858282828	0.0004	class_sigs_X_all
Radiation	1.300567762	SBS288L3	0.858282828	0.0004	class_sigs_X_all
OtherAlkylators:Hydrazines	1.464561462	SBS288L4	0.81559633	0.0008	class_sigs_X_all
Hydrazines:Radiation	-1.447396182	SBS288L4	0.81559633	0.0008	class_sigs_X_all
Camptothecins:MustardGases	1.070082772	SBS288L4	0.81559633	0.0008	class_sigs_X_all
Radiation	0.991008032	SBS288L4	0.81559633	0.0008	class_sigs_X_all
Anthracyclines:Platinums	1.645471196	SBS288L5	0.866849482	0.0	class_sigs_X_all
Camptothecins	-1.014475649	SBS288L5	0.866849482	0.0	class_sigs_X_all
Platinums	0.800496654	SBS288L5	0.866849482	0.0	class_sigs_X_all
Platinums	1.683209719	DBS2	0.81541226	0.0	class_sigs_X_all
Radiation	1.34792507	DBS2	0.81541226	0.0	class_sigs_X_all
Platinums:Radiation	-1.035213858	DBS2	0.81541226	0.0	class_sigs_X_all
Camptothecins:Hydrazines	0.836170103	DBS2	0.81541226	0.0	class_sigs_X_all
Camptothecins:Platinums	1.520358212	DBS4	0.830359356	0.0	class_sigs_X_all
Antimetabolites:Radiation	1.201946232	DBS4	0.830359356	0.0	class_sigs_X_all
Radiation	0.996927181	DBS4	0.830359356	0.0	class_sigs_X_all
VincaAlkaloids:Radiation	-2.986146018	DBS5	0.889815063	0.0	class_sigs_X_all
Hydrazines:Radiation	1.531862744	DBS5	0.889815063	0.0	class_sigs_X_all
Platinums	1.415086563	DBS5	0.889815063	0.0	class_sigs_X_all
Antimetabolites:Platinums	1.231214555	DBS5	0.889815063	0.0	class_sigs_X_all
Radiation	1.08710283	DBS5	0.889815063	0.0	class_sigs_X_all
Hydrazines:Podophyllotoxins	0.954194417	DBS6	0.778065569	0.0044	class_sigs_X_all
Radiation	1.114634745	DBS9	0.800215127	0.0128	class_sigs_X_all
Platinums	2.111056941	DBS78H2	0.863048508	0.0	class_sigs_X_all
Antimetabolites:Platinums	1.158578874	DBS78H2	0.863048508	0.0	class_sigs_X_all
Camptothecins:MustardGases	-0.834678087	DBS78H2	0.863048508	0.0	class_sigs_X_all
Antimetabolites:Platinums	0.78638328	ID1	0.678619816	0.0	class_sigs_X_all
Antimetabolites:Platinums	1.414688899	ID2	0.70565982	0.0	class_sigs_X_all
Camptothecins:MustardGases	0.812549388	ID2	0.70565982	0.0	class_sigs_X_all
Anthracyclines:Platinums	-0.776002865	ID2	0.70565982	0.0	class_sigs_X_all
Platinums:Radiation	-1.734626862	ID3	0.848805367	0.0	class_sigs_X_all
Platinums	0.953328982	ID3	0.848805367	0.0	class_sigs_X_all
Podophyllotoxins:Radiation	0.808397944	ID3	0.848805367	0.0	class_sigs_X_all
Radiation	0.765536396	ID3	0.848805367	0.0	class_sigs_X_all
Anthracyclines:VincaAlkaloids	0.72649953	ID3	0.848805367	0.0	class_sigs_X_all
Radiation	1.889445385	ID5	0.786898754	0.0	class_sigs_X_all
Camptothecins:MustardGases	-1.284643104	ID5	0.786898754	0.0	class_sigs_X_all
Platinums	0.935724557	ID5	0.786898754	0.0	class_sigs_X_all
Radiation	2.492147775	ID8	0.830907575	0.0	class_sigs_X_all
Anthracyclines:Camptothecins	2.117602067	ID8	0.830907575	0.0	class_sigs_X_all
Camptothecins:VincaAlkaloids	-1.20195583	ID8	0.830907575	0.0	class_sigs_X_all
Anthracyclines:Radiation	-1.089263959	ID8	0.830907575	0.0	class_sigs_X_all
VincaAlkaloids	-1.664321919	ID9	0.774911765	0.0	class_sigs_X_all
Camptothecins:Podophyllotoxins	1.220875952	ID9	0.774911765	0.0	class_sigs_X_all
OtherAlkylators	1.160194762	ID9	0.774911765	0.0	class_sigs_X_all
Radiation	0.872639365	ID9	0.774911765	0.0	class_sigs_X_all
OtherAlkylators:VincaAlkaloids	-0.830017335	ID9	0.774911765	0.0	class_sigs_X_all
MustardGases	0.802128903	ID9	0.774911765	0.0	class_sigs_X_all
Anthracyclines	0.762303856	ID9	0.774911765	0.0	class_sigs_X_all
Antimetabolites:MustardGases	1.481767015	ID83I1	0.662623066	0.0016	class_sigs_X_all
MustardGases	-1.15241889	ID83I1	0.662623066	0.0016	class_sigs_X_all
Antimetabolites	-0.995724947	ID83I1	0.662623066	0.0016	class_sigs_X_all
OtherAlkylators:Camptothecins	0.857706222	ID83I1	0.662623066	0.0016	class_sigs_X_all
Camptothecins:Radiation	-0.848125137	ID83I1	0.662623066	0.0016	class_sigs_X_all
Platinums:VincaAlkaloids	0.822033818	ID83I1	0.662623066	0.0016	class_sigs_X_all
Camptothecins:Platinums	-0.712763605	ID83I1	0.662623066	0.0016	class_sigs_X_all
OtherAlkylators:MustardGases	0.768040323	ID83I2	0.640083321	0.0364	class_sigs_X_all
Anthracyclines:Antimetabolites	-0.727768058	ID83I2	0.640083321	0.0364	class_sigs_X_all
Podophyllotoxins	-0.718234946	ID83I2	0.640083321	0.0364	class_sigs_X_all
Radiation	1.955078144	SV2	0.714423524	0.0002	class_sigs_X_all
Platinums:VincaAlkaloids	-1.40092175	SV2	0.714423524	0.0002	class_sigs_X_all
Anthracyclines:Radiation	-1.139402268	SV2	0.714423524	0.0002	class_sigs_X_all
Anthracyclines	1.100547875	SV2	0.714423524	0.0002	class_sigs_X_all
Anthracyclines:Platinums	1.80116057	SV4	0.733147373	0.0	class_sigs_X_all
Platinums:Podophyllotoxins	0.883455291	SV4	0.733147373	0.0	class_sigs_X_all
Camptothecins	-0.805094651	SV4	0.733147373	0.0	class_sigs_X_all
VincaAlkaloids	-0.780025267	SV4	0.733147373	0.0	class_sigs_X_all
VincaAlkaloids	1.12160556	SV8	0.665657216	0.0024	class_sigs_X_all
Antimetabolites:Platinums	-0.860897808	SV8	0.665657216	0.0024	class_sigs_X_all
MustardGases:Platinums	-0.850184569	SV8	0.665657216	0.0024	class_sigs_X_all
Platinums:VincaAlkaloids	-0.811066295	SV8	0.665657216	0.0024	class_sigs_X_all
OtherAlkylators:Hydrazines	0.712092766	SV8	0.665657216	0.0024	class_sigs_X_all
Camptothecins:VincaAlkaloids	1.613555546	SV32A	0.646587765	0.0122	class_sigs_X_all
Camptothecins:Podophyllotoxins	-1.246146984	SV32A	0.646587765	0.0122	class_sigs_X_all
OtherAlkylators:VincaAlkaloids	0.957512715	SV32A	0.646587765	0.0122	class_sigs_X_all
VincaAlkaloids:Radiation	-0.727764626	SV32A	0.646587765	0.0122	class_sigs_X_all
OtherAlkylators:Camptothecins	1.081252445	SV32B	0.670927318	0.0004	class_sigs_X_all
Podophyllotoxins:VincaAlkaloids	-1.03874623	SV32B	0.670927318	0.0004	class_sigs_X_all
Camptothecins:Platinums	-1.023656545	SV32B	0.670927318	0.0004	class_sigs_X_all
Anthracyclines:Platinums	0.848413275	SV32B	0.670927318	0.0004	class_sigs_X_all
MustardGases	-0.700625408	SV32B	0.670927318	0.0004	class_sigs_X_all
Antimetabolites:MustardGases	-1.521303777	CN2	0.666044776	0.0026	class_sigs_X_all
MustardGases:Podophyllotoxins	-1.163332307	CN2	0.666044776	0.0026	class_sigs_X_all
MustardGases	0.996795804	CN2	0.666044776	0.0026	class_sigs_X_all
Anthracyclines:MustardGases	-0.95668206	CN2	0.666044776	0.0026	class_sigs_X_all
Platinums:VincaAlkaloids	-0.779167395	CN2	0.666044776	0.0026	class_sigs_X_all
Antimetabolites:Platinums	-0.701554975	CN2	0.666044776	0.0026	class_sigs_X_all
Anthracyclines:MustardGases	1.658522261	CN4	0.663561538	0.042	class_sigs_X_all
Anthracyclines:VincaAlkaloids	-1.022347381	CN4	0.663561538	0.042	class_sigs_X_all
Hydrazines:Radiation	0.82484162	CN4	0.663561538	0.042	class_sigs_X_all
Platinums	-0.703663887	CN4	0.663561538	0.042	class_sigs_X_all
Anthracyclines:Antimetabolites	1.301601952	CN5	0.769791667	0.0006	class_sigs_X_all
Camptothecins	-1.023109882	CN5	0.769791667	0.0006	class_sigs_X_all
MustardGases:VincaAlkaloids	-0.867443971	CN5	0.769791667	0.0006	class_sigs_X_all
Radiation	0.778348253	CN5	0.769791667	0.0006	class_sigs_X_all
Platinums:VincaAlkaloids	1.617301054	CN20	0.713501066	0.0	class_sigs_X_all
Anthracyclines:Platinums	1.335728985	CN20	0.713501066	0.0	class_sigs_X_all
Anthracyclines:VincaAlkaloids	-1.136533242	CN20	0.713501066	0.0	class_sigs_X_all
MustardGases	-1.083129814	CN20	0.713501066	0.0	class_sigs_X_all
VincaAlkaloids	-0.799461132	CN20	0.713501066	0.0	class_sigs_X_all
Anthracyclines:Hydrazines	1.962882285	CN25	0.797901976	0.0044	class_sigs_X_all
Anthracyclines:Platinums	-1.333511307	CN25	0.797901976	0.0044	class_sigs_X_all
Antimetabolites:Podophyllotoxins	1.21158709	CN48B	0.680121645	0.0144	class_sigs_X_all
MustardGases	-0.910343816	CN48B	0.680121645	0.0144	class_sigs_X_all
Anthracyclines:Platinums	0.851569865	CN48B	0.680121645	0.0144	class_sigs_X_all
Antimetabolites:MustardGases	0.780653985	CN48B	0.680121645	0.0144	class_sigs_X_all
OtherAlkylators:Podophyllotoxins	0.716103665	CN48B	0.680121645	0.0144	class_sigs_X_all
Topotecan	-1.245361081	SBS1	0.769977595	0.0	agent_sigs_X_all
Cyclophosphamide:Vincristine	1.166160961	SBS1	0.769977595	0.0	agent_sigs_X_all
Cisplatin	-1.027562919	SBS1	0.769977595	0.0	agent_sigs_X_all
Ifosfamide	0.813898016	SBS1	0.769977595	0.0	agent_sigs_X_all
Cyclophosphamide:Irinotecan	0.732333532	SBS1	0.769977595	0.0	agent_sigs_X_all
Cisplatin	-1.1568996	SBS5	0.800541516	0.0112	agent_sigs_X_all
Carboplatin	-1.089846384	SBS5	0.800541516	0.0112	agent_sigs_X_all
Ifosfamide:Carboplatin	-0.992577785	SBS5	0.800541516	0.0112	agent_sigs_X_all
Temozolomide:Cisplatin	-2.277479796	SBS8	0.700469526	0.0	agent_sigs_X_all
Ifosfamide:Carboplatin	-1.734014377	SBS8	0.700469526	0.0	agent_sigs_X_all
Temozolomide	1.229375718	SBS8	0.700469526	0.0	agent_sigs_X_all
Etoposide:Doxorubicin	-0.870969301	SBS8	0.700469526	0.0	agent_sigs_X_all
Methotrexate:Etoposide	2.170936199	SBS11	0.770310665	0.0258	agent_sigs_X_all
Etoposide:Irinotecan	1.063536399	SBS11	0.770310665	0.0258	agent_sigs_X_all
Doxorubicin	-0.961404294	SBS11	0.770310665	0.0258	agent_sigs_X_all
Methotrexate	1.79717931	SBS12	0.906039076	0.0082	agent_sigs_X_all
Cyclophosphamide	-0.964749038	SBS12	0.906039076	0.0082	agent_sigs_X_all
Cisplatin:Etoposide	0.870008648	SBS12	0.906039076	0.0082	agent_sigs_X_all
Methotrexate:Etoposide	0.78547139	SBS12	0.906039076	0.0082	agent_sigs_X_all
Methotrexate:Vincristine	0.718195394	SBS12	0.906039076	0.0082	agent_sigs_X_all
Cyclophosphamide:Etoposide	-1.535952255	SBS13	0.749702381	0.0118	agent_sigs_X_all
Cisplatin:Doxorubicin	1.492468497	SBS13	0.749702381	0.0118	agent_sigs_X_all
Cisplatin:Vincristine	-0.951823878	SBS13	0.749702381	0.0118	agent_sigs_X_all
Vincristine	-0.722055597	SBS13	0.749702381	0.0118	agent_sigs_X_all
Cisplatin:Topotecan	1.591916065	SBS18	0.708595892	0.0	agent_sigs_X_all
Methotrexate:Vincristine	-1.186430697	SBS18	0.708595892	0.0	agent_sigs_X_all
Cyclophosphamide	1.053212796	SBS18	0.708595892	0.0	agent_sigs_X_all
Temozolomide	-1.04368311	SBS18	0.708595892	0.0	agent_sigs_X_all
Carboplatin:Doxorubicin	0.821620505	SBS18	0.708595892	0.0	agent_sigs_X_all
Cisplatin:Vincristine	-0.803925737	SBS18	0.708595892	0.0	agent_sigs_X_all
Cisplatin	1.767471774	SBS31	0.867741345	0.0	agent_sigs_X_all
Melphalan:Etoposide	-1.249752108	SBS31	0.867741345	0.0	agent_sigs_X_all
Cisplatin:Doxorubicin	1.183307387	SBS31	0.867741345	0.0	agent_sigs_X_all
Temozolomide:Doxorubicin	1.002563352	SBS31	0.867741345	0.0	agent_sigs_X_all
Carboplatin	0.932222396	SBS31	0.867741345	0.0	agent_sigs_X_all
Methotrexate:Cyclophosphamide	0.870567934	SBS31	0.867741345	0.0	agent_sigs_X_all
Carboplatin	2.006208064	SBS35	0.864769187	0.0	agent_sigs_X_all
Cyclophosphamide:Carboplatin	-1.868292044	SBS35	0.864769187	0.0	agent_sigs_X_all
Cisplatin	1.683034332	SBS35	0.864769187	0.0	agent_sigs_X_all
Methotrexate:Cisplatin	0.845374142	SBS35	0.864769187	0.0	agent_sigs_X_all
Ifosfamide:Irinotecan	1.414159715	SBS39	0.823135198	0.0004	agent_sigs_X_all
Vincristine:Etoposide	-1.011049116	SBS39	0.823135198	0.0004	agent_sigs_X_all
Melphalan	0.953206708	SBS39	0.823135198	0.0004	agent_sigs_X_all
Cyclophosphamide:Irinotecan	0.765653158	SBS39	0.823135198	0.0004	agent_sigs_X_all
Cisplatin:Doxorubicin	-1.211092646	SBS43	0.689846674	0.0286	agent_sigs_X_all
Doxorubicin	-0.748211964	SBS43	0.689846674	0.0286	agent_sigs_X_all
Methotrexate	-0.716310942	SBS43	0.689846674	0.0286	agent_sigs_X_all
Cyclophosphamide:Etoposide	1.364627771	SBS288L2	0.782515514	0.0018	agent_sigs_X_all
Melphalan:Topotecan	1.060231737	SBS288L2	0.782515514	0.0018	agent_sigs_X_all
Temozolomide	3.092226685	SBS288L3	0.812626263	0.001	agent_sigs_X_all
Melphalan	2.469966846	SBS288L4	0.770123654	0.0094	agent_sigs_X_all
Carboplatin:Irinotecan	2.237804847	SBS288L4	0.770123654	0.0094	agent_sigs_X_all
Melphalan:Busulfan	-1.40055973	SBS288L4	0.770123654	0.0094	agent_sigs_X_all
Topotecan	1.116221253	SBS288L4	0.770123654	0.0094	agent_sigs_X_all
Busulfan	-0.810208869	SBS288L4	0.770123654	0.0094	agent_sigs_X_all
Cyclophosphamide:Carboplatin	2.780143489	SBS288L5	0.887612083	0.0	agent_sigs_X_all
Cisplatin:Doxorubicin	1.94981083	SBS288L5	0.887612083	0.0	agent_sigs_X_all
Methotrexate:Etoposide	1.176361492	SBS288L5	0.887612083	0.0	agent_sigs_X_all
Topotecan	-1.135345595	SBS288L5	0.887612083	0.0	agent_sigs_X_all
Cisplatin	1.817908857	DBS2	0.791440356	0.0	agent_sigs_X_all
Irinotecan	1.010465257	DBS2	0.791440356	0.0	agent_sigs_X_all
Mercaptopurine:Etoposide	2.180588328	DBS4	0.774690211	0.0018	agent_sigs_X_all
Carboplatin:Irinotecan	1.22853573	DBS4	0.774690211	0.0018	agent_sigs_X_all
Cyclophosphamide:Etoposide	0.871562643	DBS4	0.774690211	0.0018	agent_sigs_X_all
Topotecan:Doxorubicin	0.83709313	DBS4	0.774690211	0.0018	agent_sigs_X_all
Ifosfamide	-0.727990957	DBS4	0.774690211	0.0018	agent_sigs_X_all
Cisplatin:Carboplatin	1.576653284	DBS5	0.877164299	0.0	agent_sigs_X_all
Cisplatin	1.130629216	DBS5	0.877164299	0.0	agent_sigs_X_all
Melphalan:Etoposide	-1.089281932	DBS5	0.877164299	0.0	agent_sigs_X_all
Methotrexate:Cisplatin	0.972471984	DBS5	0.877164299	0.0	agent_sigs_X_all
Ifosfamide:Cisplatin	0.90170087	DBS5	0.877164299	0.0	agent_sigs_X_all
Cisplatin:Doxorubicin	0.73775601	DBS5	0.877164299	0.0	agent_sigs_X_all
Carboplatin:Topotecan	0.887979015	DBS6	0.743755322	0.0262	agent_sigs_X_all
Cisplatin	0.804845389	DBS6	0.743755322	0.0262	agent_sigs_X_all
Temozolomide:Etoposide	0.738563305	DBS6	0.743755322	0.0262	agent_sigs_X_all
Cisplatin	1.809512927	DBS78H2	0.850438048	0.0	agent_sigs_X_all
Melphalan:Etoposide	-1.39086052	DBS78H2	0.850438048	0.0	agent_sigs_X_all
Methotrexate:Cisplatin	1.25118971	DBS78H2	0.850438048	0.0	agent_sigs_X_all
Carboplatin	1.117465367	DBS78H2	0.850438048	0.0	agent_sigs_X_all
Etoposide:Irinotecan	1.267019732	ID1	0.68464704	0.0	agent_sigs_X_all
Cytarabine:Cyclophosphamide	-1.245506741	ID1	0.68464704	0.0	agent_sigs_X_all
Cisplatin:Irinotecan	-1.187251936	ID1	0.68464704	0.0	agent_sigs_X_all
Temozolomide:Carboplatin	-0.860027322	ID1	0.68464704	0.0	agent_sigs_X_all
Methotrexate	0.700873748	ID1	0.68464704	0.0	agent_sigs_X_all
Cyclophosphamide:Irinotecan	1.720284767	ID2	0.706257145	0.0	agent_sigs_X_all
Ifosfamide:Doxorubicin	0.863188722	ID2	0.706257145	0.0	agent_sigs_X_all
Temozolomide:Cisplatin	-0.819991068	ID2	0.706257145	0.0	agent_sigs_X_all
Cisplatin:Carboplatin	2.274750284	ID3	0.833196413	0.0	agent_sigs_X_all
Etoposide	1.251872504	ID3	0.833196413	0.0	agent_sigs_X_all
Melphalan:Etoposide	1.004755152	ID3	0.833196413	0.0	agent_sigs_X_all
Cyclophosphamide:Carboplatin	-0.79058988	ID3	0.833196413	0.0	agent_sigs_X_all
Topotecan	-1.733132869	ID5	0.708672366	0.0136	agent_sigs_X_all
Cisplatin	1.347093401	ID5	0.708672366	0.0136	agent_sigs_X_all
Melphalan:Carboplatin	1.169600636	ID5	0.708672366	0.0136	agent_sigs_X_all
Cyclophosphamide:Etoposide	0.866695622	ID5	0.708672366	0.0136	agent_sigs_X_all
Mercaptopurine:Etoposide	0.755824881	ID5	0.708672366	0.0136	agent_sigs_X_all
Cyclophosphamide:Irinotecan	-1.644694811	ID8	0.752800045	0.0	agent_sigs_X_all
Cyclophosphamide	1.483368648	ID8	0.752800045	0.0	agent_sigs_X_all
Melphalan:Topotecan	1.206745134	ID8	0.752800045	0.0	agent_sigs_X_all
Irinotecan:Doxorubicin	1.035112927	ID8	0.752800045	0.0	agent_sigs_X_all
Methotrexate	-0.912684488	ID8	0.752800045	0.0	agent_sigs_X_all
Carboplatin:Irinotecan	0.872673189	ID8	0.752800045	0.0	agent_sigs_X_all
Busulfan:Carboplatin	-0.84728147	ID8	0.752800045	0.0	agent_sigs_X_all
Melphalan:Carboplatin	0.825564326	ID8	0.752800045	0.0	agent_sigs_X_all
Busulfan:Carboplatin	-1.637831617	ID9	0.756161765	0.0	agent_sigs_X_all
Cyclophosphamide:Topotecan	1.236403193	ID9	0.756161765	0.0	agent_sigs_X_all
Melphalan	1.016954246	ID9	0.756161765	0.0	agent_sigs_X_all
Ifosfamide:Doxorubicin	0.963392475	ID9	0.756161765	0.0	agent_sigs_X_all
Vincristine	-0.94439817	ID9	0.756161765	0.0	agent_sigs_X_all
Cyclophosphamide:Vincristine	1.727498808	ID83I1	0.644703134	0.0324	agent_sigs_X_all
Busulfan:Carboplatin	1.422672633	ID83I1	0.644703134	0.0324	agent_sigs_X_all
Temozolomide:Doxorubicin	1.397959723	ID83I1	0.644703134	0.0324	agent_sigs_X_all
Cyclophosphamide	-0.99014091	ID83I1	0.644703134	0.0324	agent_sigs_X_all
Methotrexate:Ifosfamide	0.825793047	ID83I1	0.644703134	0.0324	agent_sigs_X_all
Irinotecan:Doxorubicin	-0.785649355	ID83I1	0.644703134	0.0324	agent_sigs_X_all
Vincristine	-0.746196258	ID83I1	0.644703134	0.0324	agent_sigs_X_all
Carboplatin:Vincristine	0.736911909	ID83I1	0.644703134	0.0324	agent_sigs_X_all
Vincristine:Irinotecan	-1.403676214	ID83I2	0.643796806	0.0372	agent_sigs_X_all
Vincristine	-1.30737641	ID83I2	0.643796806	0.0372	agent_sigs_X_all
Busulfan:Carboplatin	1.024364223	ID83I2	0.643796806	0.0372	agent_sigs_X_all
Cytarabine:Etoposide	-0.983522903	ID83I2	0.643796806	0.0372	agent_sigs_X_all
Etoposide:Doxorubicin	0.93984243	ID83I2	0.643796806	0.0372	agent_sigs_X_all
Carboplatin:Vincristine	0.875513361	ID83I2	0.643796806	0.0372	agent_sigs_X_all
Temozolomide	0.867519675	ID83I2	0.643796806	0.0372	agent_sigs_X_all
Busulfan:Cisplatin	-1.621907152	ID83I4H5	0.687599933	0.0044	agent_sigs_X_all
Cisplatin:Vincristine	-1.253852277	ID83I4H5	0.687599933	0.0044	agent_sigs_X_all
Ifosfamide	-1.045538197	ID83I4H5	0.687599933	0.0044	agent_sigs_X_all
Topotecan:Doxorubicin	0.968734144	ID83I4H5	0.687599933	0.0044	agent_sigs_X_all
Mercaptopurine:Cyclophosphamide	0.950979181	ID83I4H5	0.687599933	0.0044	agent_sigs_X_all
Etoposide:Doxorubicin	0.946875126	ID83I4H5	0.687599933	0.0044	agent_sigs_X_all
Melphalan	0.87653053	ID83I4H5	0.687599933	0.0044	agent_sigs_X_all
Cyclophosphamide:Carboplatin	-0.806154492	ID83I4H5	0.687599933	0.0044	agent_sigs_X_all
Etoposide:Doxorubicin	1.479771564	SV4	0.719072524	0.0	agent_sigs_X_all
Cyclophosphamide:Carboplatin	0.931044398	SV4	0.719072524	0.0	agent_sigs_X_all
Methotrexate:Cisplatin	0.928854212	SV4	0.719072524	0.0	agent_sigs_X_all
Cisplatin:Doxorubicin	0.778702004	SV4	0.719072524	0.0	agent_sigs_X_all
Cyclophosphamide	-0.734471629	SV4	0.719072524	0.0	agent_sigs_X_all
Vincristine	-0.715865888	SV4	0.719072524	0.0	agent_sigs_X_all
Vincristine:Doxorubicin	-0.700213151	SV4	0.719072524	0.0	agent_sigs_X_all
Cytarabine	1.14053584	SV8	0.657667526	0.0132	agent_sigs_X_all
Methotrexate:Cisplatin	-1.124304784	SV8	0.657667526	0.0132	agent_sigs_X_all
Cyclophosphamide:Cisplatin	-0.890704834	SV8	0.657667526	0.0132	agent_sigs_X_all
Cyclophosphamide:Carboplatin	-0.718171829	SV8	0.657667526	0.0132	agent_sigs_X_all
Irinotecan	1.707370149	SV32A	0.649714045	0.016	agent_sigs_X_all
Etoposide:Irinotecan	-1.149848181	SV32A	0.649714045	0.016	agent_sigs_X_all
Melphalan:Cisplatin	1.03740801	SV32A	0.649714045	0.016	agent_sigs_X_all
Cisplatin:Doxorubicin	0.768811563	SV32A	0.649714045	0.016	agent_sigs_X_all
Topotecan:Doxorubicin	-1.890245592	SV32B	0.683667502	0.0002	agent_sigs_X_all
Cisplatin:Doxorubicin	1.477359944	SV32B	0.683667502	0.0002	agent_sigs_X_all
Ifosfamide:Cyclophosphamide	1.256075321	SV32B	0.683667502	0.0002	agent_sigs_X_all
Melphalan:Cisplatin	1.242780402	SV32B	0.683667502	0.0002	agent_sigs_X_all
Methotrexate:Cisplatin	-1.150670376	SV32B	0.683667502	0.0002	agent_sigs_X_all
Cyclophosphamide:Irinotecan	1.143522629	SV32B	0.683667502	0.0002	agent_sigs_X_all
Cyclophosphamide:Etoposide	-1.093139227	SV32B	0.683667502	0.0002	agent_sigs_X_all
Cisplatin:Etoposide	0.951673182	SV32B	0.683667502	0.0002	agent_sigs_X_all
Carboplatin:Irinotecan	-0.79773502	SV32B	0.683667502	0.0002	agent_sigs_X_all
Carboplatin:Topotecan	0.767949175	SV32B	0.683667502	0.0002	agent_sigs_X_all
Ifosfamide:Topotecan	1.610524524	CN2	0.674736258	0.002	agent_sigs_X_all
Ifosfamide	-1.302020614	CN2	0.674736258	0.002	agent_sigs_X_all
Busulfan:Carboplatin	-1.236065243	CN2	0.674736258	0.002	agent_sigs_X_all
Cyclophosphamide:Cisplatin	-1.129729224	CN2	0.674736258	0.002	agent_sigs_X_all
Irinotecan	1.095078444	CN2	0.674736258	0.002	agent_sigs_X_all
Melphalan	1.043951871	CN2	0.674736258	0.002	agent_sigs_X_all
Ifosfamide:Carboplatin	0.743073358	CN2	0.674736258	0.002	agent_sigs_X_all
Temozolomide:Doxorubicin	-0.709779085	CN2	0.674736258	0.002	agent_sigs_X_all
Methotrexate:Etoposide	-0.70655236	CN2	0.674736258	0.002	agent_sigs_X_all
Cisplatin:Etoposide	0.702964197	CN2	0.674736258	0.002	agent_sigs_X_all
Ifosfamide:Doxorubicin	2.734046852	CN4	0.691842196	0.0016	agent_sigs_X_all
Etoposide:Irinotecan	-1.363932091	CN4	0.691842196	0.0016	agent_sigs_X_all
Cisplatin:Topotecan	1.192811241	CN4	0.691842196	0.0016	agent_sigs_X_all
Cyclophosphamide:Carboplatin	-1.148352997	CN4	0.691842196	0.0016	agent_sigs_X_all
Cisplatin:Doxorubicin	-0.850863026	CN4	0.691842196	0.0016	agent_sigs_X_all
Carboplatin	-0.770096611	CN4	0.691842196	0.0016	agent_sigs_X_all
Methotrexate:Doxorubicin	1.481650386	CN5	0.756036932	0.0008	agent_sigs_X_all
Methotrexate:Etoposide	1.152178214	CN5	0.756036932	0.0008	agent_sigs_X_all
Cyclophosphamide:Melphalan	0.79959943	CN5	0.756036932	0.0008	agent_sigs_X_all
Cyclophosphamide	-1.562691647	CN20	0.710586375	0.0	agent_sigs_X_all
Cytarabine	-1.304192803	CN20	0.710586375	0.0	agent_sigs_X_all
Cyclophosphamide:Vincristine	1.159163779	CN20	0.710586375	0.0	agent_sigs_X_all
Cisplatin	1.15162566	CN20	0.710586375	0.0	agent_sigs_X_all
Carboplatin:Vincristine	1.017685493	CN20	0.710586375	0.0	agent_sigs_X_all
Cisplatin:Carboplatin	-0.941537896	CN20	0.710586375	0.0	agent_sigs_X_all
Busulfan:Carboplatin	0.896994883	CN20	0.710586375	0.0	agent_sigs_X_all
Temozolomide	-0.76048567	CN20	0.710586375	0.0	agent_sigs_X_all
Vincristine:Doxorubicin	-0.745701578	CN20	0.710586375	0.0	agent_sigs_X_all
Temozolomide:Doxorubicin	1.994207286	CN25	0.768782102	0.0128	agent_sigs_X_all
Cisplatin	-1.687474885	CN25	0.768782102	0.0128	agent_sigs_X_all
Methotrexate:Etoposide	2.067717496	CN48B	0.686697639	0.0092	agent_sigs_X_all
Ifosfamide	-1.287442081	CN48B	0.686697639	0.0092	agent_sigs_X_all
Methotrexate	-0.892736289	CN48B	0.686697639	0.0092	agent_sigs_X_all
Topotecan	-1.606256414	SBS1	0.760696726	0.0	agent_sigs_noX_all
Ifosfamide	1.050510026	SBS1	0.760696726	0.0	agent_sigs_noX_all
Irinotecan	0.729258282	SBS1	0.760696726	0.0	agent_sigs_noX_all
Cisplatin	-0.727092906	SBS1	0.760696726	0.0	agent_sigs_noX_all
Vincristine	-1.364699513	SBS2	0.718783069	0.0162	agent_sigs_noX_all
Doxorubicin	0.836382787	SBS2	0.718783069	0.0162	agent_sigs_noX_all
Cyclophosphamide	-0.732474101	SBS2	0.718783069	0.0162	agent_sigs_noX_all
Cisplatin	-1.175536102	SBS5	0.796609077	0.0056	agent_sigs_noX_all
Carboplatin	-0.93062968	SBS5	0.796609077	0.0056	agent_sigs_noX_all
Ifosfamide	-0.732782914	SBS5	0.796609077	0.0056	agent_sigs_noX_all
Doxorubicin	-0.910997856	SBS11	0.738336714	0.0356	agent_sigs_noX_all
Methotrexate	0.862509918	SBS11	0.738336714	0.0356	agent_sigs_noX_all
Methotrexate	2.459215176	SBS12	0.90017762	0.0088	agent_sigs_noX_all
Cyclophosphamide	-0.849476609	SBS12	0.90017762	0.0088	agent_sigs_noX_all
Vincristine	-1.450372347	SBS13	0.745502646	0.0026	agent_sigs_noX_all
Doxorubicin	1.112760665	SBS13	0.745502646	0.0026	agent_sigs_noX_all
Cisplatin	0.769935177	SBS13	0.745502646	0.0026	agent_sigs_noX_all
Cyclophosphamide	-0.768807365	SBS13	0.745502646	0.0026	agent_sigs_noX_all
Temozolomide	-1.244176164	SBS18	0.685096855	0.0	agent_sigs_noX_all
Mercaptopurine	-1.236997341	SBS18	0.685096855	0.0	agent_sigs_noX_all
Topotecan	0.940722473	SBS18	0.685096855	0.0	agent_sigs_noX_all
Cyclophosphamide	0.939437152	SBS18	0.685096855	0.0	agent_sigs_noX_all
Vincristine	-0.863227329	SBS18	0.685096855	0.0	agent_sigs_noX_all
Cisplatin	2.164011195	SBS31	0.837772486	0.0	agent_sigs_noX_all
Topotecan	-1.066324106	SBS31	0.837772486	0.0	agent_sigs_noX_all
Carboplatin	0.827582189	SBS31	0.837772486	0.0	agent_sigs_noX_all
Cisplatin	2.054278313	SBS35	0.855536675	0.0	agent_sigs_noX_all
Vincristine	1.350202108	SBS35	0.855536675	0.0	agent_sigs_noX_all
Cyclophosphamide	-1.189126933	SBS35	0.855536675	0.0	agent_sigs_noX_all
Carboplatin	1.017510398	SBS35	0.855536675	0.0	agent_sigs_noX_all
Ifosfamide	1.023099065	SBS39	0.785672661	0.0004	agent_sigs_noX_all
Doxorubicin	-1.114890432	SBS43	0.684353495	0.0022	agent_sigs_noX_all
Methotrexate	-0.886959462	SBS43	0.684353495	0.0022	agent_sigs_noX_all
Cyclophosphamide	1.25093237	SBS288L2	0.759420383	0.0	agent_sigs_noX_all
Etoposide	0.734087009	SBS288L2	0.759420383	0.0	agent_sigs_noX_all
Temozolomide	3.094758619	SBS288L3	0.812424242	0.0004	agent_sigs_noX_all
Melphalan	2.454392743	SBS288L4	0.735819705	0.0166	agent_sigs_noX_all
Busulfan	-2.030198433	SBS288L4	0.735819705	0.0166	agent_sigs_noX_all
Topotecan	0.941359413	SBS288L4	0.735819705	0.0166	agent_sigs_noX_all
Irinotecan	0.721207195	SBS288L4	0.735819705	0.0166	agent_sigs_noX_all
Methotrexate	1.830858662	SBS288L5	0.851005484	0.0	agent_sigs_noX_all
Carboplatin	1.434789661	SBS288L5	0.851005484	0.0	agent_sigs_noX_all
Cytarabine	-0.88611253	SBS288L5	0.851005484	0.0	agent_sigs_noX_all
Doxorubicin	0.766158521	SBS288L5	0.851005484	0.0	agent_sigs_noX_all
Cisplatin	1.882769991	DBS2	0.783926165	0.0	agent_sigs_noX_all
Irinotecan	1.396396064	DBS2	0.783926165	0.0	agent_sigs_noX_all
Carboplatin	0.720409999	DBS2	0.783926165	0.0	agent_sigs_noX_all
Ifosfamide	-0.960463145	DBS4	0.761276332	0.001	agent_sigs_noX_all
Topotecan	0.926388761	DBS4	0.761276332	0.001	agent_sigs_noX_all
Mercaptopurine	0.760636766	DBS4	0.761276332	0.001	agent_sigs_noX_all
Etoposide	0.720782614	DBS4	0.761276332	0.001	agent_sigs_noX_all
Cisplatin	2.553067781	DBS5	0.846502278	0.0	agent_sigs_noX_all
Ifosfamide	1.063341417	DBS5	0.846502278	0.0	agent_sigs_noX_all
Carboplatin	0.8724134	DBS5	0.846502278	0.0	agent_sigs_noX_all
Carboplatin	0.976148072	DBS6	0.726582458	0.0142	agent_sigs_noX_all
Cisplatin	0.947583752	DBS6	0.726582458	0.0142	agent_sigs_noX_all
Cisplatin	1.982174753	DBS78H2	0.836689802	0.0	agent_sigs_noX_all
Methotrexate	1.463264074	DBS78H2	0.836689802	0.0	agent_sigs_noX_all
Carboplatin	1.305492163	DBS78H2	0.836689802	0.0	agent_sigs_noX_all
Cytarabine	-0.74367366	DBS78H2	0.836689802	0.0	agent_sigs_noX_all
Cytarabine	-0.94346841	ID1	0.649654954	0.0	agent_sigs_noX_all
Methotrexate	0.826821497	ID1	0.649654954	0.0	agent_sigs_noX_all
Irinotecan	1.277538573	ID2	0.67960872	0.0	agent_sigs_noX_all
Methotrexate	0.934433288	ID2	0.67960872	0.0	agent_sigs_noX_all
Ifosfamide	0.714913246	ID2	0.67960872	0.0	agent_sigs_noX_all
Melphalan	1.264310327	ID3	0.8138906	0.0	agent_sigs_noX_all
Busulfan	-1.07712618	ID3	0.8138906	0.0	agent_sigs_noX_all
Carboplatin	1.069801153	ID3	0.8138906	0.0	agent_sigs_noX_all
Etoposide	0.822832177	ID3	0.8138906	0.0	agent_sigs_noX_all
Cisplatin	0.774872699	ID3	0.8138906	0.0	agent_sigs_noX_all
Topotecan	-1.972651828	ID5	0.665877021	0.0272	agent_sigs_noX_all
Melphalan	0.885916766	ID5	0.665877021	0.0272	agent_sigs_noX_all
Cyclophosphamide	0.816057521	ID5	0.665877021	0.0272	agent_sigs_noX_all
Cisplatin	0.78867905	ID5	0.665877021	0.0272	agent_sigs_noX_all
Methotrexate	-1.309797042	ID8	0.724316334	0.0	agent_sigs_noX_all
Cyclophosphamide	1.200789896	ID8	0.724316334	0.0	agent_sigs_noX_all
Busulfan	-1.018464535	ID8	0.724316334	0.0	agent_sigs_noX_all
Melphalan	0.879674098	ID8	0.724316334	0.0	agent_sigs_noX_all
Ifosfamide	1.136963756	ID9	0.747397059	0.0	agent_sigs_noX_all
Topotecan	0.998235057	ID9	0.747397059	0.0	agent_sigs_noX_all
Doxorubicin	0.901941389	ID9	0.747397059	0.0	agent_sigs_noX_all
Vincristine	-0.839058221	ID9	0.747397059	0.0	agent_sigs_noX_all
Doxorubicin	1.244626966	ID17	0.821847247	0.0486	agent_sigs_noX_all
Irinotecan	-0.756814401	ID83I1	0.608875829	0.029	agent_sigs_noX_all
Irinotecan	-1.220794199	ID83I2	0.608503199	0.0212	agent_sigs_noX_all
Cytarabine	-1.211253705	ID83I2	0.608503199	0.0212	agent_sigs_noX_all
Temozolomide	1.200651872	ID83I2	0.608503199	0.0212	agent_sigs_noX_all
Busulfan	0.753595242	ID83I2	0.608503199	0.0212	agent_sigs_noX_all
Cisplatin	-1.051527514	ID83I4H5	0.642230497	0.0152	agent_sigs_noX_all
Ifosfamide	-0.940164787	ID83I4H5	0.642230497	0.0152	agent_sigs_noX_all
Busulfan	-0.829591959	ID83I4H5	0.642230497	0.0152	agent_sigs_noX_all
Doxorubicin	0.798682934	ID83I4H5	0.642230497	0.0152	agent_sigs_noX_all
Carboplatin	-1.070477467	SV2	0.655160391	0.0058	agent_sigs_noX_all
Doxorubicin	1.003251057	SV2	0.655160391	0.0058	agent_sigs_noX_all
Etoposide	0.861335382	SV2	0.655160391	0.0058	agent_sigs_noX_all
Cyclophosphamide	0.703931905	SV2	0.655160391	0.0058	agent_sigs_noX_all
Vincristine	-1.095084748	SV4	0.684983728	0.0004	agent_sigs_noX_all
Cytarabine	-1.059457104	SV4	0.684983728	0.0004	agent_sigs_noX_all
Cyclophosphamide	-0.805746553	SV4	0.684983728	0.0004	agent_sigs_noX_all
Etoposide	0.75993554	SV4	0.684983728	0.0004	agent_sigs_noX_all
Cytarabine	2.287378012	SV8	0.639418671	0.0014	agent_sigs_noX_all
Methotrexate	-0.966674208	SV8	0.639418671	0.0014	agent_sigs_noX_all
Doxorubicin	0.702746985	SV8	0.639418671	0.0014	agent_sigs_noX_all
Methotrexate	0.98898053	SV9	0.660798008	0.028	agent_sigs_noX_all
Vincristine	-0.767517544	SV9	0.660798008	0.028	agent_sigs_noX_all
Mercaptopurine	1.36344781	SV32A	0.633921372	0.001	agent_sigs_noX_all
Irinotecan	0.891596372	SV32A	0.633921372	0.001	agent_sigs_noX_all
Irinotecan	1.252356561	CN2	0.611303423	0.0478	agent_sigs_noX_all
Temozolomide	-0.881614709	CN2	0.611303423	0.0478	agent_sigs_noX_all
Ifosfamide	1.932524186	CN4	0.632797454	0.0284	agent_sigs_noX_all
Carboplatin	-1.539689263	CN4	0.632797454	0.0284	agent_sigs_noX_all
Methotrexate	1.559777649	CN5	0.732433712	0.001	agent_sigs_noX_all
Vincristine	-1.063735553	CN5	0.732433712	0.001	agent_sigs_noX_all
Cytarabine	-1.862332392	CN20	0.683982952	0.0	agent_sigs_noX_all
Cisplatin	1.006739775	CN20	0.683982952	0.0	agent_sigs_noX_all
Temozolomide	-0.806013033	CN20	0.683982952	0.0	agent_sigs_noX_all
Cyclophosphamide	-0.780753143	CN20	0.683982952	0.0	agent_sigs_noX_all
Cisplatin	-1.530880366	CN25	0.742317402	0.015	agent_sigs_noX_all
Temozolomide	0.885885478	CN25	0.742317402	0.015	agent_sigs_noX_all
Camptothecins	-1.051106651	SBS1	0.743317463	0.0	class_sigs_noX_all
OtherAlkylators	-0.837150053	SBS1	0.743317463	0.0	class_sigs_noX_all
Radiation	0.800751777	SBS1	0.743317463	0.0	class_sigs_noX_all
Platinums	-0.734945949	SBS1	0.743317463	0.0	class_sigs_noX_all
VincaAlkaloids	-1.895700084	SBS2	0.738359788	0.0046	class_sigs_noX_all
Anthracyclines	0.982059039	SBS2	0.738359788	0.0046	class_sigs_noX_all
Platinums	-1.734371006	SBS5	0.781395049	0.0176	class_sigs_noX_all
MustardGases	0.781128682	SBS8	0.655042889	0.0004	class_sigs_noX_all
Platinums	-0.741930162	SBS8	0.655042889	0.0004	class_sigs_noX_all
Antimetabolites	1.348070115	SBS11	0.776876268	0.0082	class_sigs_noX_all
Hydrazines	1.299842511	SBS11	0.776876268	0.0082	class_sigs_noX_all
Anthracyclines	-1.230037769	SBS11	0.776876268	0.0082	class_sigs_noX_all
Podophyllotoxins	0.878199547	SBS11	0.776876268	0.0082	class_sigs_noX_all
Antimetabolites	2.198962289	SBS12	0.853641208	0.0328	class_sigs_noX_all
VincaAlkaloids	-1.939852033	SBS13	0.779563492	0.0	class_sigs_noX_all
Anthracyclines	1.231657458	SBS13	0.779563492	0.0	class_sigs_noX_all
Camptothecins	-0.91111638	SBS13	0.779563492	0.0	class_sigs_noX_all
Hydrazines	-1.157725249	SBS18	0.659096213	0.0	class_sigs_noX_all
Camptothecins	1.131498626	SBS18	0.659096213	0.0	class_sigs_noX_all
Platinums	2.416532425	SBS31	0.85878366	0.0	class_sigs_noX_all
Camptothecins	-0.708988066	SBS31	0.85878366	0.0	class_sigs_noX_all
Platinums	2.486337325	SBS35	0.876380629	0.0	class_sigs_noX_all
Camptothecins	1.171806556	SBS39	0.808233433	0.0002	class_sigs_noX_all
Antimetabolites	0.994643549	SBS39	0.808233433	0.0002	class_sigs_noX_all
OtherAlkylators	0.950111125	SBS39	0.808233433	0.0002	class_sigs_noX_all
Camptothecins	-1.533383827	SBS43	0.689212846	0.0004	class_sigs_noX_all
Anthracyclines	-1.40185525	SBS43	0.689212846	0.0004	class_sigs_noX_all
Camptothecins	0.88852844	SBS288L2	0.806538289	0.0	class_sigs_noX_all
MustardGases	0.773152664	SBS288L2	0.806538289	0.0	class_sigs_noX_all
Podophyllotoxins	0.742157175	SBS288L2	0.806538289	0.0	class_sigs_noX_all
Radiation	0.727924641	SBS288L2	0.806538289	0.0	class_sigs_noX_all
Hydrazines	2.274140068	SBS288L3	0.858484848	0.0	class_sigs_noX_all
Radiation	1.291061882	SBS288L3	0.858484848	0.0	class_sigs_noX_all
Camptothecins	1.195336039	SBS288L4	0.76525728	0.0028	class_sigs_noX_all
Platinums	1.818391176	SBS288L5	0.856315835	0.0	class_sigs_noX_all
Camptothecins	-1.05823916	SBS288L5	0.856315835	0.0	class_sigs_noX_all
Anthracyclines	0.839458787	SBS288L5	0.856315835	0.0	class_sigs_noX_all
MustardGases	0.794300002	SBS288L5	0.856315835	0.0	class_sigs_noX_all
Platinums	1.520483768	DBS2	0.785804713	0.0	class_sigs_noX_all
Camptothecins	1.064157791	DBS4	0.802881041	0.0	class_sigs_noX_all
Radiation	0.906187146	DBS4	0.802881041	0.0	class_sigs_noX_all
OtherAlkylators	0.747250773	DBS4	0.802881041	0.0	class_sigs_noX_all
Platinums	1.960386781	DBS5	0.834360761	0.0	class_sigs_noX_all
Antimetabolites	0.76173585	DBS5	0.834360761	0.0	class_sigs_noX_all
Platinums	1.137332104	DBS6	0.72033778	0.0216	class_sigs_noX_all
Radiation	1.477860487	DBS9	0.796308877	0.005	class_sigs_noX_all
Camptothecins	1.048469711	DBS9	0.796308877	0.005	class_sigs_noX_all
Platinums	2.672707577	DBS78H2	0.847859066	0.0	class_sigs_noX_all
Antimetabolites	0.79181892	DBS78H2	0.847859066	0.0	class_sigs_noX_all
Antimetabolites	2.315903199	DBS78H3	0.764726265	0.0446	class_sigs_noX_all
Anthracyclines	-1.660064582	DBS78H3	0.764726265	0.0446	class_sigs_noX_all
Antimetabolites	1.088270426	ID2	0.673185865	0.0	class_sigs_noX_all
Camptothecins	1.023208353	ID2	0.673185865	0.0	class_sigs_noX_all
Podophyllotoxins	1.316559841	ID3	0.814746354	0.0	class_sigs_noX_all
Radiation	2.02111905	ID5	0.78248704	0.0	class_sigs_noX_all
Camptothecins	-1.043815245	ID5	0.78248704	0.0	class_sigs_noX_all
Platinums	0.870119206	ID5	0.78248704	0.0	class_sigs_noX_all
Radiation	2.274910199	ID8	0.817111073	0.0	class_sigs_noX_all
Antimetabolites	-0.961164436	ID8	0.817111073	0.0	class_sigs_noX_all
VincaAlkaloids	-1.836868359	ID9	0.757617647	0.0	class_sigs_noX_all
Anthracyclines	1.191612397	ID9	0.757617647	0.0	class_sigs_noX_all
Camptothecins	1.014795144	ID9	0.757617647	0.0	class_sigs_noX_all
MustardGases	0.896204526	ID9	0.757617647	0.0	class_sigs_noX_all
Radiation	0.891470059	ID9	0.757617647	0.0	class_sigs_noX_all
Radiation	-1.668381997	ID83L1	0.66313787	0.0082	class_sigs_noX_all
OtherAlkylators	1.300799727	ID83I2	0.618713733	0.003	class_sigs_noX_all
Antimetabolites	-0.703318423	ID83I2	0.618713733	0.003	class_sigs_noX_all
Radiation	1.721267679	SV2	0.700302185	0.0	class_sigs_noX_all
Anthracyclines	1.360885667	SV2	0.700302185	0.0	class_sigs_noX_all
VincaAlkaloids	-1.577041341	SV4	0.689179451	0.0	class_sigs_noX_all
Anthracyclines	0.843470594	SV4	0.689179451	0.0	class_sigs_noX_all
Platinums	-0.958441196	SV8	0.643313288	0.0004	class_sigs_noX_all
Antimetabolites	0.828372161	SV9	0.653571313	0.0346	class_sigs_noX_all
VincaAlkaloids	-0.816457309	SV9	0.653571313	0.0346	class_sigs_noX_all
Camptothecins	0.731621526	CN2	0.608576095	0.0326	class_sigs_noX_all
MustardGases	1.339196677	CN4	0.631145215	0.0218	class_sigs_noX_all
Platinums	-1.14875083	CN4	0.631145215	0.0218	class_sigs_noX_all
VincaAlkaloids	-0.883961867	CN4	0.631145215	0.0218	class_sigs_noX_all
Camptothecins	-1.268190351	CN5	0.743063447	0.0	class_sigs_noX_all
VincaAlkaloids	-1.226193408	CN5	0.743063447	0.0	class_sigs_noX_all
Antimetabolites	1.099818266	CN5	0.743063447	0.0	class_sigs_noX_all
Platinums	1.605723853	CN20	0.685839005	0.0	class_sigs_noX_all
MustardGases	-0.870580941	CN20	0.685839005	0.0	class_sigs_noX_all
Platinums	-0.990768798	CN25	0.727300427	0.0346	class_sigs_noX_all
Hydrazines	0.874670525	CN25	0.727300427	0.0346	class_sigs_noX_all
Radiation	1.122406072	CN48A	0.707493613	0.0406	class_sigs_noX_all
Antimetabolites	0.873324927	CN48A	0.707493613	0.0406	class_sigs_noX_all
Platinums	-0.773998699	CN48A	0.707493613	0.0406	class_sigs_noX_all
